{
    "model_type": "KNeighborsClassifier",
    "model_params": {
        "n_neighbors": 5,
        "metric": "cosine",
        "weights": "distance",
        "algorithm": "auto",
        "leaf_size": 30,
        "p": 2
    },
    "tfidf_params": {
        "min_df": 8,
        "ngram_range": [
            1,
            1
        ],
        "max_features": null,
        "total_features": 9914
    },
    "feature_selection": {
        "method": "chi2",
        "k_features": 3000,
        "selected_features": 3000,
        "feature_ratio": 0.30260238047205973
    },
    "training_info": {
        "train_samples": 60000,
        "test_samples": 7600,
        "num_classes": 4,
        "classes": [
            3,
            4,
            2,
            1
        ]
    },
    "performance": {
        "test_accuracy": 0.86421
    },
    "saved_date": "2025-12-28 10:48:10"
}